"Id";"Designator";"Footprint";"Quantity";"Designation";"Supplier and ref";
1;"RSW1";"ResetSW";1;"SW_PUSH";;;
2;"OL1";"OLED";1;"OLED";;;
3;"MX13,MX38,MX43,MX35";"SW_MX_HS_CPG151101S11_1.25u";4;"MX_SW_solder";;;
4;"MX25,MX24";"SW_MX_HS_CPG151101S11_1.75u";2;"MX_SW_solder";;;
5;"MX10,MX27,MX2,MX26,MX7,MX12,MX36,MX22,MX16,MX8,MX33,MX17,MX31,MX30,MX5,MX23,MX34,MX28,MX37,MX39,MX32,MX20,MX29,MX11,MX3,MX42,MX4,MX19,MX6,MX1,MX40,MX18,MX14,MX21,MX9,MX15,MX41";"SW_MX_HS_CPG151101S11_1u";37;"MX_SW_solder";;;
6;"S3";"STAB_MX_2.25u";1;"MX_stab";;;
7;"S2";"STAB_MX_2u";1;"MX_stab";;;
8;"S1";"STAB_MX_2.75u";1;"MX_stab";;;
9;"D26,D32,D3,D10,D15,D30,D1,D42,D41,D13,D9,D27,D23,D35,D18,D5,D20,D22,D8,D16,D25,D37,D36,D31,D4,D17,D11,D2,D43,D14,D38,D12,D29,D24,D39,D21,D6,D19,D40,D34,D28,D33,D7";"D_SOD-123";43;"D_Small";;;
10;"REF**,REF**";"43logo";2;"43logo";;;
